{"cameraMode":{"drawMode":0,"name":"Shaded","section":"Shading Mode"},"sceneLighting":false,"audioPlay":false,"sceneViewState":{"showFog":true,"showMaterialUpdate":true,"showSkybox":true,"showFlares":true,"showImageEffects":true,"showParticleSystems":true},"in2DMode":false,"pivot":{"x":1.7941558361053467,"y":-0.1085529625415802,"z":-0.15522144734859467},"rotation":{"x":0.03611178696155548,"y":0.7284178733825684,"z":-0.03850758820772171,"w":0.6830962896347046},"size":2.48573637008667,"orthographic":false}