{"cameraMode":{"drawMode":0,"name":"Shaded","section":"Shading Mode"},"sceneLighting":false,"audioPlay":false,"sceneViewState":{"showFog":true,"showMaterialUpdate":true,"showSkybox":true,"showFlares":true,"showImageEffects":true,"showParticleSystems":true},"in2DMode":false,"pivot":{"x":-6.1855549812316898,"y":0.7858830690383911,"z":0.6026003360748291},"rotation":{"x":-0.08254343271255493,"y":0.4014296233654022,"z":-0.03635433688759804,"w":-0.91143798828125},"size":3.7914116382598879,"orthographic":false}