{"cameraMode":{"drawMode":0,"name":"Shaded","section":"Shading Mode"},"sceneLighting":true,"audioPlay":false,"sceneViewState":{"showFog":true,"showMaterialUpdate":true,"showSkybox":true,"showFlares":true,"showImageEffects":true,"showParticleSystems":true},"in2DMode":false,"pivot":{"x":0.0,"y":1.3630001544952393,"z":-4.96999979019165},"rotation":{"x":0.024932455271482469,"y":-0.9386067986488342,"z":0.06943833082914353,"w":0.3370075225830078},"size":2.8578953742980959,"orthographic":false}