{"cameraMode":{"drawMode":0,"name":"Shaded","section":"Shading Mode"},"sceneLighting":false,"audioPlay":false,"sceneViewState":{"showFog":false,"showMaterialUpdate":false,"showSkybox":false,"showFlares":false,"showImageEffects":false,"showParticleSystems":false},"in2DMode":false,"pivot":{"x":-0.07583838701248169,"y":0.12358365952968598,"z":-0.025720030069351198},"rotation":{"x":0.05769960209727287,"y":-0.6003211140632629,"z":0.04348892718553543,"w":0.7964885830879211},"size":1.976658582687378,"orthographic":false}