{"cameraMode":{"drawMode":0,"name":"Shaded","section":"Shading Mode"},"sceneLighting":true,"audioPlay":false,"sceneViewState":{"showFog":true,"showMaterialUpdate":true,"showSkybox":true,"showFlares":true,"showImageEffects":true,"showParticleSystems":true},"in2DMode":false,"pivot":{"x":-7.078242778778076,"y":0.6864969730377197,"z":11.463006973266602},"rotation":{"x":-0.05189371854066849,"y":0.36651065945625307,"z":-0.020478572696447374,"w":-0.9287398457527161},"size":21.97249984741211,"orthographic":false}