{"cameraMode":{"drawMode":0,"name":"Shaded","section":"Shading Mode"},"sceneLighting":false,"audioPlay":false,"sceneViewState":{"showFog":true,"showMaterialUpdate":true,"showSkybox":true,"showFlares":true,"showImageEffects":true,"showParticleSystems":true},"in2DMode":false,"pivot":{"x":-4.751924991607666,"y":0.7787207961082459,"z":0.8800303339958191},"rotation":{"x":-0.017953163012862207,"y":-0.8870111703872681,"z":0.03461192175745964,"w":-0.4600987732410431},"size":1.657883882522583,"orthographic":false}