{"cameraMode":{"drawMode":0,"name":"Shaded","section":"Shading Mode"},"sceneLighting":false,"audioPlay":false,"sceneViewState":{"showFog":true,"showMaterialUpdate":true,"showSkybox":true,"showFlares":true,"showImageEffects":true,"showParticleSystems":true},"in2DMode":false,"pivot":{"x":-6.676975250244141,"y":0.7749909162521362,"z":-0.9632995128631592},"rotation":{"x":0.02488899976015091,"y":0.9431556463241577,"z":-0.07259200513362885,"w":0.3233702778816223},"size":3.1578948497772219,"orthographic":false}