{"cameraMode":{"drawMode":0,"name":"Shaded","section":"Shading Mode"},"sceneLighting":false,"audioPlay":false,"sceneViewState":{"showFog":false,"showMaterialUpdate":false,"showSkybox":true,"showFlares":false,"showImageEffects":false,"showParticleSystems":false},"in2DMode":false,"pivot":{"x":-0.5154827833175659,"y":0.1746998429298401,"z":0.3302290439605713},"rotation":{"x":-0.04285629838705063,"y":0.6339370608329773,"z":0.03521967679262161,"w":0.7713927626609802},"size":0.7765130400657654,"orthographic":false}