{"cameraMode":{"drawMode":0,"name":"Shaded","section":"Shading Mode"},"sceneLighting":true,"audioPlay":false,"sceneViewState":{"showFog":true,"showMaterialUpdate":true,"showSkybox":true,"showFlares":true,"showImageEffects":true,"showParticleSystems":true},"in2DMode":false,"pivot":{"x":452.8810729980469,"y":272.968505859375,"z":1045.8125},"rotation":{"x":-0.022728195413947107,"y":0.08081500977277756,"z":-0.0019121970981359482,"w":-0.996468186378479},"size":1973.4002685546875,"orthographic":false}