{"cameraMode":{"drawMode":0,"name":"Shaded","section":"Shading Mode"},"sceneLighting":false,"audioPlay":false,"sceneViewState":{"showFog":true,"showMaterialUpdate":true,"showSkybox":true,"showFlares":true,"showImageEffects":true,"showParticleSystems":true},"in2DMode":false,"pivot":{"x":-0.40426671504974368,"y":0.30277639627456667,"z":0.01579219102859497},"rotation":{"x":0.11812121421098709,"y":-0.8196608424186707,"z":0.18270333111286164,"w":0.5299273729324341},"size":1.7446870803833008,"orthographic":false}