{"cameraMode":{"drawMode":0,"name":"Shaded","section":"Shading Mode"},"sceneLighting":false,"audioPlay":false,"sceneViewState":{"showFog":true,"showMaterialUpdate":true,"showSkybox":true,"showFlares":true,"showImageEffects":true,"showParticleSystems":true},"in2DMode":false,"pivot":{"x":-0.27742767333984377,"y":-0.2888014316558838,"z":0.06751549243927002},"rotation":{"x":0.13789749145507813,"y":-0.8102756142616272,"z":0.21122711896896363,"w":0.5289810299873352},"size":2.6724185943603517,"orthographic":false}