{"cameraMode":{"drawMode":0,"name":"Shaded","section":"Shading Mode"},"sceneLighting":false,"audioPlay":false,"sceneViewState":{"showFog":true,"showMaterialUpdate":true,"showSkybox":true,"showFlares":true,"showImageEffects":true,"showParticleSystems":true},"in2DMode":false,"pivot":{"x":0.22807800769805909,"y":-0.30177125334739687,"z":0.5460285544395447},"rotation":{"x":0.18358026444911958,"y":0.26804372668266299,"z":-0.05210889130830765,"w":0.9443175196647644},"size":1.7137317657470704,"orthographic":false}