{"cameraMode":{"drawMode":0,"name":"Shaded","section":"Shading Mode"},"sceneLighting":false,"audioPlay":false,"sceneViewState":{"showFog":true,"showMaterialUpdate":true,"showSkybox":true,"showFlares":true,"showImageEffects":true,"showParticleSystems":true},"in2DMode":false,"pivot":{"x":-3.652367115020752,"y":1.6632167100906373,"z":-2.2345027923583986},"rotation":{"x":-0.08549308776855469,"y":0.8648501634597778,"z":-0.15768644213676454,"w":-0.4688923954963684},"size":25.0548152923584,"orthographic":false}