{"cameraMode":{"drawMode":0,"name":"Shaded","section":"Shading Mode"},"sceneLighting":false,"audioPlay":false,"sceneViewState":{"showFog":true,"showMaterialUpdate":true,"showSkybox":true,"showFlares":true,"showImageEffects":true,"showParticleSystems":true},"in2DMode":false,"pivot":{"x":0.0,"y":0.7410000562667847,"z":-1.0060001611709595},"rotation":{"x":0.07500305026769638,"y":-0.6728362441062927,"z":0.06886913627386093,"w":0.7327502965927124},"size":2.8578948974609377,"orthographic":false}