{"cameraMode":{"drawMode":0,"name":"Shaded","section":"Shading Mode"},"sceneLighting":true,"audioPlay":false,"sceneViewState":{"showFog":true,"showMaterialUpdate":true,"showSkybox":true,"showFlares":true,"showImageEffects":true,"showParticleSystems":true},"in2DMode":false,"pivot":{"x":-4.598816394805908,"y":-0.07088565826416016,"z":9.084259986877442},"rotation":{"x":0.05201710760593414,"y":-0.2858870327472687,"z":0.015543780289590359,"w":0.956724226474762},"size":17.00864028930664,"orthographic":false}