{"cameraMode":{"drawMode":0,"name":"Shaded","section":"Shading Mode"},"sceneLighting":false,"audioPlay":false,"sceneViewState":{"showFog":true,"showMaterialUpdate":true,"showSkybox":true,"showFlares":true,"showImageEffects":true,"showParticleSystems":true},"in2DMode":false,"pivot":{"x":-0.04029130935668945,"y":0.16185736656188966,"z":0.12848788499832154},"rotation":{"x":0.022782230749726297,"y":0.9752333164215088,"z":-0.18383245170116425,"w":0.12085812538862229},"size":0.6915885210037231,"orthographic":false}